{"cameraMode":{"drawMode":0,"name":"Shaded","section":"Shading Mode"},"sceneLighting":true,"audioPlay":false,"sceneViewState":{"m_AlwaysRefresh":false,"showFog":true,"showSkybox":true,"showFlares":true,"showImageEffects":true,"showParticleSystems":true,"showVisualEffectGraphs":true,"m_FxEnabled":false},"in2DMode":false,"pivot":{"x":0.0909971296787262,"y":23.611068725585939,"z":-17.410524368286134},"rotation":{"x":0.2675788998603821,"y":-0.011562250554561615,"z":0.0032111494801938535,"w":0.9634678959846497},"size":2.346031427383423,"orthographic":false}